{
	"productId": "12",
	"productName": "flowerPot",
	"productPrice": "500",
	"productDesc": "The classic Cascade 220 Wool is the perfect combination of affordability, quality and versatility that can be used for a wide range of projects. Each hank of this worsted weight 100% pure woolcomes with a generous 220 yards. With a nearly unlimited colorpalette to chose from, you are sure to find the perfect color(s) for your next project! Note: this yarn is great for felting projects too!",
	"productViews": "1234",
	"review":{
	"comments":"nice",
	"reviewId":"23",
	"customer":{
	"customerName":"saisree"
	}
	
	}
}